{
  "train_loss": [
    0.6342620137490724,
    0.5369487453970992,
    0.4930182973543803,
    0.45230434589218677,
    0.39691895842552183,
    0.32965421817804635,
    0.31600433368431896,
    0.31265695534254373,
    0.24495102321369605,
    0.2632172397354193,
    0.23503844988973518,
    0.2035554938149034,
    0.21044967069960477
  ],
  "train_acc": [
    0.6491228070175439,
    0.7385964912280701,
    0.7666666666666667,
    0.7912280701754386,
    0.8157894736842105,
    0.8649122807017544,
    0.8578947368421053,
    0.8701754385964913,
    0.9052631578947369,
    0.8859649122807017,
    0.9140350877192982,
    0.9280701754385965,
    0.9052631578947369
  ],
  "val_loss": [
    0.43528815175666186,
    0.4100705551319435,
    0.42673061812510255,
    0.33445522335709116,
    0.3300003292130642,
    0.29258863945476343,
    0.3040002496516118,
    0.2981897255436319,
    0.31885365091386386,
    0.3040043193785871,
    0.30257815708879565,
    0.29280768554718767,
    0.31041365666467635
  ],
  "val_acc": [
    0.8852459016393442,
    0.8934426229508197,
    0.8442622950819673,
    0.9016393442622951,
    0.8934426229508197,
    0.8934426229508197,
    0.8934426229508197,
    0.9098360655737705,
    0.8934426229508197,
    0.8852459016393442,
    0.8852459016393442,
    0.8852459016393442,
    0.8852459016393442
  ],
  "lr": [
    0.0001,
    0.0001,
    0.0001,
    0.0001,
    0.0001,
    0.0001,
    0.0001,
    0.0001,
    0.0001,
    5e-05,
    5e-05,
    5e-05,
    2.5e-05
  ]
}